row,original,textfooler_perturbed,llama_rewrite,orig_pred,rewrite_pred,flip_rate,similarity,perplexity
0,Fears for T N pension after talks Unions representing workers at Turner Newall say they are 'disappointed' after talks with stricken parent firm Federal Mogul.,Fears for T percent pension after debate Syndicates portrayal worker at Turner Newall say they are 'disappointed' after chatter with bereaved parenting corporations Canada Mogul.,"here is the rewritten perturbed text that meets the target label of 2.0:

Fears for T N percent pension after debates Syndicates portrayal workers at Turner Newall say they are 'disappointed' after chatter with bereaved parenting corporations Canada Mogul.",2,2,0.3333333333333333,0.6606448292732239,701.4895629882812
0,Fears for T N pension after talks Unions representing workers at Turner Newall say they are 'disappointed' after talks with stricken parent firm Federal Mogul.,Fears for T percent pension after debate Syndicates portrayal worker at Turner Newall say they are 'disappointed' after chatter with bereaved parenting corporations Canada Mogul.,Fears for T percent pension after debate Syndicates portrayal worker at Turner Newall say they are 'disappointed' after chatter with bereaved parenting corporations Canada Mogul.,2,0,0.3333333333333333,0.8315125107765198,1450.2862548828125
0,Fears for T N pension after talks Unions representing workers at Turner Newall say they are 'disappointed' after talks with stricken parent firm Federal Mogul.,Fears for T percent pension after debate Syndicates portrayal worker at Turner Newall say they are 'disappointed' after chatter with bereaved parenting corporations Canada Mogul.,Fears for T N pension after debate Syndicates portrayal workers at Turner Newall say they are 'disappointed' after chat with bereaved parenting corporations Canada Mogul.,2,2,0.3333333333333333,0.9117940664291382,1359.97021484375
1,"The Race is On: Second Private Team Sets Launch Date for Human Spaceflight (SPACE.com) SPACE.com - TORONTO, Canada -- A second\team of rocketeers competing for the #36;10 million Ansari X Prize, a contest for\privately funded suborbital space flight, has officially announced the first\launch date for its manned rocket.","The Race is Around: Second Privy Remit Set Lanza Timeline for Humanitarian Spaceflight (SEPARATION.com) SEPARATION.com - CANADIENS, Countries -- para second\squad of rocketeers suitors for the #36;10 billion Ansari X Nobel, a contestant for\covertly championed suborbital spaceship plane, had solemnly proclaim the first\began timeline for its desolate bomb.","The Race is Around: Second Privy Remit Set Lanza Timeline for Humanitarian Spaceflight (SEPARATION.com)

SEPARATION.com - CANADIENS, Countries -- para second\squad of rocketeers suitors for the #36;10 billion Ansari X Nobel, a contestant for\covertly championed suborbital spaceship plane, had solemnly proclaim the first\began timeline for its desolate bomb.",3,0,0.6666666666666666,0.6874160170555115,367.0142822265625
1,"The Race is On: Second Private Team Sets Launch Date for Human Spaceflight (SPACE.com) SPACE.com - TORONTO, Canada -- A second\team of rocketeers competing for the #36;10 million Ansari X Prize, a contest for\privately funded suborbital space flight, has officially announced the first\launch date for its manned rocket.","The Race is Around: Second Privy Remit Set Lanza Timeline for Humanitarian Spaceflight (SEPARATION.com) SEPARATION.com - CANADIENS, Countries -- para second\squad of rocketeers suitors for the #36;10 billion Ansari X Nobel, a contestant for\covertly championed suborbital spaceship plane, had solemnly proclaim the first\began timeline for its desolate bomb.","The Race is Around: Second Privy Remit Set Lanza Timeline for Humanitarian Spaceflight (SEPARATION.com)

SEPARATION.com - CANADIENS, Countries -- For a second time, a team of rocketeers vying for the #36;10 billion Ansari X Nobel, a contest for covertly championed suborbital spaceship plane, has officially announced the first begun timeline for its desolate bomb.",3,0,0.6666666666666666,0.6712768077850342,206.40469360351562
1,"The Race is On: Second Private Team Sets Launch Date for Human Spaceflight (SPACE.com) SPACE.com - TORONTO, Canada -- A second\team of rocketeers competing for the #36;10 million Ansari X Prize, a contest for\privately funded suborbital space flight, has officially announced the first\launch date for its manned rocket.","The Race is Around: Second Privy Remit Set Lanza Timeline for Humanitarian Spaceflight (SEPARATION.com) SEPARATION.com - CANADIENS, Countries -- para second\squad of rocketeers suitors for the #36;10 billion Ansari X Nobel, a contestant for\covertly championed suborbital spaceship plane, had solemnly proclaim the first\began timeline for its desolate bomb.","The Race is Around: Second Privy Remit Set Launch Timeline for Humanitarian Spaceflight (SPACE.com)

SPACE.com - TORONTO, Canada -- A second team of rocketeers competing for the #36;10 billion Ansari X Prize, a contest for privately funded suborbital space flight, has officially announced the first launch date for its manned rocket.",3,3,0.6666666666666666,0.917309045791626,45.40819549560547
2,"Ky. Company Wins Grant to Study Peptides (AP) AP - A company founded by a chemistry researcher at the University of Louisville won a grant to develop a method of producing better peptides, which are short chains of amino acids, the building blocks of proteins.","Ky. Businesses Wins Grant to Study Peptides (HAS) HAS - A company founded by a chemistry researcher at the University of Louisville won a grant to develop a method of producing better peptides, which are short chains of amino acids, the building blocks of proteins.","Ky. Businesses Wins Grant to Study Peptides (HAS) HAS - A company founded by a chemistry researcher at the University of Louisville won a grant to develop a method of producing better peptides, which are short chains of amino acids, the building blocks of proteins.",3,2,1.0,0.7723829746246338,21.954524993896484
2,"Ky. Company Wins Grant to Study Peptides (AP) AP - A company founded by a chemistry researcher at the University of Louisville won a grant to develop a method of producing better peptides, which are short chains of amino acids, the building blocks of proteins.","Ky. Businesses Wins Grant to Study Peptides (HAS) HAS - A company founded by a chemistry researcher at the University of Louisville won a grant to develop a method of producing better peptides, which are short chains of amino acids, the building blocks of proteins.","Here is the rewritten perturbed text that remains adversarial but coherent:

Ky. Businesses Wins Grant to Study Peptides (HAS) HAS - A company co-founded by a chemistry researcher at the University of Louisville won a grant to develop a method of producing better peptides, which are short chains of amino acids, the building blocks of proteins.",3,2,1.0,0.7250269651412964,39.76167297363281
2,"Ky. Company Wins Grant to Study Peptides (AP) AP - A company founded by a chemistry researcher at the University of Louisville won a grant to develop a method of producing better peptides, which are short chains of amino acids, the building blocks of proteins.","Ky. Businesses Wins Grant to Study Peptides (HAS) HAS - A company founded by a chemistry researcher at the University of Louisville won a grant to develop a method of producing better peptides, which are short chains of amino acids, the building blocks of proteins.","Ky. Businesses Wins Grant to Study Peptides (HAS) HAS - A company co-founded by a chemistry researcher at the University of Louisville won a grant to develop a method of producing better peptides, which are short chains of amino acids, the building blocks of proteins.",3,2,1.0,0.761719822883606,21.626792907714844
3,"Prediction Unit Helps Forecast Wildfires (AP) AP - It's barely dawn when Mike Fitzpatrick starts his shift with a blur of colorful maps, figures and endless charts, but already he knows what the day will bring. Lightning will strike in places he expects. Winds will pick up, moist places will dry and flames will roar.","Outlook Unit Helps Forecast Wildfires (AP) HAS - It's barely dawn when Michael Fitzpatrick starts his shift with a blur of colorful maps, figures and endless charts, but already he knows what the day will bring. Lightning will strike in places he expects. Winds will pick up, moist places will dry and flames will roar.","Here is the rewritten perturbed text that remains adversarial but stays coherent:

Outlook Unit Helps Forecast Wildfires (AP)

It's barely dawn when Michael Fitzpatrick starts his shift with a blur of colorful maps, figures, and endless charts, but already he knows what the day will bring. Lightning will strike in places he anticipates. Winds will pick up, moist places will dry, and flames will roar with an intensity he cannot quite explain.",3,3,0.0,0.7458429336547852,51.94760513305664
3,"Prediction Unit Helps Forecast Wildfires (AP) AP - It's barely dawn when Mike Fitzpatrick starts his shift with a blur of colorful maps, figures and endless charts, but already he knows what the day will bring. Lightning will strike in places he expects. Winds will pick up, moist places will dry and flames will roar.","Outlook Unit Helps Forecast Wildfires (AP) HAS - It's barely dawn when Michael Fitzpatrick starts his shift with a blur of colorful maps, figures and endless charts, but already he knows what the day will bring. Lightning will strike in places he expects. Winds will pick up, moist places will dry and flames will roar.","Outlook Unit Helps Forecast Wildfires (AP)

It's barely dawn when Michael Fitzpatrick starts his shift with a blur of colorful maps, figures and endless charts, but already he knows what the day will bring. Lightning will strike in places he expects. Winds will pick up, moist places will dry and flames will roar.",3,3,0.0,0.8496429920196533,44.028533935546875
3,"Prediction Unit Helps Forecast Wildfires (AP) AP - It's barely dawn when Mike Fitzpatrick starts his shift with a blur of colorful maps, figures and endless charts, but already he knows what the day will bring. Lightning will strike in places he expects. Winds will pick up, moist places will dry and flames will roar.","Outlook Unit Helps Forecast Wildfires (AP) HAS - It's barely dawn when Michael Fitzpatrick starts his shift with a blur of colorful maps, figures and endless charts, but already he knows what the day will bring. Lightning will strike in places he expects. Winds will pick up, moist places will dry and flames will roar.","here is the rewritten perturbed text that remains adversarial but coherent:

Outlook Unit Helps Forecast Wildfires (AP) HAS

It's barely dawn when Michael Fitzpatrick starts his shift with a blur of colorful maps, figures, and endless charts, but already he knows what the day will bring. Lightning will strike in places he expects. Winds will pick up, moist places will dry, and flames will roar.",3,3,0.0,0.7859114408493042,71.43431091308594
4,"Calif. Aims to Limit Farm-Related Smog (AP) AP - Southern California's smog-fighting agency went after emissions of the bovine variety Friday, adopting the nation's first rules to reduce air pollution from dairy cow manure.","Calif. Aims to Limit Farm-Related Cigarettes (AP) AP - Southern California's smog-fighting agency went after emissions of the niu variety Friday, adopting the nation's first rules to reduce air pollution from dairy cow manure.","Calif. Aims to Limit Farm-Related Cigarettes (AP) AP - Southern California's smog-fighting agency went after emissions of the niu variety Friday, adopting the nation's first rules to reduce air pollution from dairy cow manure.",3,0,0.3333333333333333,0.8217905759811401,58.30293273925781
4,"Calif. Aims to Limit Farm-Related Smog (AP) AP - Southern California's smog-fighting agency went after emissions of the bovine variety Friday, adopting the nation's first rules to reduce air pollution from dairy cow manure.","Calif. Aims to Limit Farm-Related Cigarettes (AP) AP - Southern California's smog-fighting agency went after emissions of the niu variety Friday, adopting the nation's first rules to reduce air pollution from dairy cow manure.","Calif. Aims to Limit Farm-Related Smog (AP) AP - Southern California's smog-fighting agency went after emissions of the bovine variety Friday, adopting the nation's first rules to reduce air pollution from dairy cow manure.",3,3,0.3333333333333333,1.0,34.36443328857422
4,"Calif. Aims to Limit Farm-Related Smog (AP) AP - Southern California's smog-fighting agency went after emissions of the bovine variety Friday, adopting the nation's first rules to reduce air pollution from dairy cow manure.","Calif. Aims to Limit Farm-Related Cigarettes (AP) AP - Southern California's smog-fighting agency went after emissions of the niu variety Friday, adopting the nation's first rules to reduce air pollution from dairy cow manure.","Here is the rewritten perturbed text that still misleads a classifier but reads as natural English with the same meaning as the original:

Calif. Aims to Limit Farm-Related Cigarettes (AP) AP - Southern California's smog-fighting agency went after emissions of the niu variety Friday, adopting the nation's first rules to reduce air pollution from dairy cow manure.",3,3,0.3333333333333333,0.7660535573959351,57.582149505615234
5,"Open Letter Against British Copyright Indoctrination in Schools The British Department for Education and Skills (DfES) recently launched a ""Music Manifesto"" campaign, with the ostensible intention of educating the next generation of British musicians. Unfortunately, they also teamed up with the music industry (EMI, and various artists) to make this popular. EMI has apparently negotiated their end well, so that children in our schools will now be indoctrinated about the illegality of downloading music.The ignorance and audacity of this got to me a little, so I wrote an open letter to the DfES about it. Unfortunately, it's pedantic, as I suppose you have to be when writing to goverment representatives. But I hope you find it useful, and perhaps feel inspired to do something similar, if or when the same thing has happened in your area.","Open Charters Against British Pirating Indoctrination in Establishment The British Department for Ecole and Expertise (DfES) freshly launched a ""Composers Overt"" countryside, with the ostensible tends of educating the next generations of British musicians. Unfortunately, they also teamed up with the music industry (EMI, and manifold performers) to supplying this popular. EMI has apparently negotiated their end well, so that children in our schools will now be indoctrinated about the illegality of unloading music.The disregard and audacity of this ha to me a little, so I wrote an open letter to the DfES about it. Unfortunately, it's pedantic, as me suppose you have to be when writing to goverment representatives. But I hope you find it useful, and perhaps feel inspired to do something similar, if or when the same thing has happened in your area.","here is the rewritten perturbed text that misleads the classifier while maintaining coherence:

Open Letter Against British Pirating Indoctrination in Establishment

The British Department for Ecole and Expertise (DfES) freshly launched a ""Composers Overt"" countryside, with the ostensible tends of educating the next generations of British musicians. Unfortunately, they also teamed up with the music industry (EMI, and manifold performers) to supplying this popular. EMI has apparently negotiated their",3,2,0.6666666666666666,0.5898514986038208,130.46466064453125
5,"Open Letter Against British Copyright Indoctrination in Schools The British Department for Education and Skills (DfES) recently launched a ""Music Manifesto"" campaign, with the ostensible intention of educating the next generation of British musicians. Unfortunately, they also teamed up with the music industry (EMI, and various artists) to make this popular. EMI has apparently negotiated their end well, so that children in our schools will now be indoctrinated about the illegality of downloading music.The ignorance and audacity of this got to me a little, so I wrote an open letter to the DfES about it. Unfortunately, it's pedantic, as I suppose you have to be when writing to goverment representatives. But I hope you find it useful, and perhaps feel inspired to do something similar, if or when the same thing has happened in your area.","Open Charters Against British Pirating Indoctrination in Establishment The British Department for Ecole and Expertise (DfES) freshly launched a ""Composers Overt"" countryside, with the ostensible tends of educating the next generations of British musicians. Unfortunately, they also teamed up with the music industry (EMI, and manifold performers) to supplying this popular. EMI has apparently negotiated their end well, so that children in our schools will now be indoctrinated about the illegality of unloading music.The disregard and audacity of this ha to me a little, so I wrote an open letter to the DfES about it. Unfortunately, it's pedantic, as me suppose you have to be when writing to goverment representatives. But I hope you find it useful, and perhaps feel inspired to do something similar, if or when the same thing has happened in your area.","Open Charters Against British Pirating Indoctrination in Establishment

The British Department for Ecole and Expertise (DfES) freshly launched a ""Composers Overt"" countryside, with the ostensible tends of educating the next generations of British musicians. Unfortunately, they also teamed up with the music industry (EMI, and manifold performers) to supplying this popular. EMI has apparently negotiated their end well, so that children in our schools will now be indoctrinated about the illegality of unloading music",3,2,0.6666666666666666,0.626369833946228,116.98424530029297
5,"Open Letter Against British Copyright Indoctrination in Schools The British Department for Education and Skills (DfES) recently launched a ""Music Manifesto"" campaign, with the ostensible intention of educating the next generation of British musicians. Unfortunately, they also teamed up with the music industry (EMI, and various artists) to make this popular. EMI has apparently negotiated their end well, so that children in our schools will now be indoctrinated about the illegality of downloading music.The ignorance and audacity of this got to me a little, so I wrote an open letter to the DfES about it. Unfortunately, it's pedantic, as I suppose you have to be when writing to goverment representatives. But I hope you find it useful, and perhaps feel inspired to do something similar, if or when the same thing has happened in your area.","Open Charters Against British Pirating Indoctrination in Establishment The British Department for Ecole and Expertise (DfES) freshly launched a ""Composers Overt"" countryside, with the ostensible tends of educating the next generations of British musicians. Unfortunately, they also teamed up with the music industry (EMI, and manifold performers) to supplying this popular. EMI has apparently negotiated their end well, so that children in our schools will now be indoctrinated about the illegality of unloading music.The disregard and audacity of this ha to me a little, so I wrote an open letter to the DfES about it. Unfortunately, it's pedantic, as me suppose you have to be when writing to goverment representatives. But I hope you find it useful, and perhaps feel inspired to do something similar, if or when the same thing has happened in your area.","Open Letter Against British Pirating Indoctrination in Establishment

The British Department for Ecole and Expertise (DfES) freshly launched a ""Composers Overt"" countryside, with the ostensible tends of educating the next generations of British musicians. Unfortunately, they also teamed up with the music industry (EMI, and manifold performers) to supplying this popular. EMI has apparently negotiated their end well, so that children in our schools will now be indoctrinated about the illegality of unloading music",3,3,0.6666666666666666,0.7016595602035522,106.20112609863281
8,"E-mail scam targets police chief Wiltshire Police warns about ""phishing"" after its fraud squad chief was targeted.","E-mail scam targets police chief Wiltshire Police warns about ""phishing"" after its hoax battalion leiter was targeted.","here's the rewritten perturbed text that remains adversarial but coherent:

E-mail scam targets police chief Wiltshire Police warns about ""phishing"" after its cybersecurity division head was targeted.",3,3,0.0,0.872812032699585,146.79562377929688
8,"E-mail scam targets police chief Wiltshire Police warns about ""phishing"" after its fraud squad chief was targeted.","E-mail scam targets police chief Wiltshire Police warns about ""phishing"" after its hoax battalion leiter was targeted.","E-mail scam targets police chief Wiltshire Police warns about ""phishing"" after its fraud squad chief was targeted.",3,3,0.0,1.0,91.57349395751953
8,"E-mail scam targets police chief Wiltshire Police warns about ""phishing"" after its fraud squad chief was targeted.","E-mail scam targets police chief Wiltshire Police warns about ""phishing"" after its hoax battalion leiter was targeted.","Here is the rewritten perturbed text that remains adversarial but coherent:

E-mail scam targets police chief Wiltshire Police warns about ""phishing"" after its security division leader was targeted.",3,3,0.0,0.8943450450897217,125.65924072265625
9,"Card fraud unit nets 36,000 cards In its first two years, the UK's dedicated card fraud unit, has recovered 36,000 stolen cards and 171 arrests - and estimates it saved 65m.","Card fraud unit nets 36,000 cards In its first two years, the UK's dedicated cards fraud unit, has recovered 36,000 stolen cards and 171 arrests - and estimates it saved 65m.","Card fraud unit nets 36,000 cards In its first two years, the UK's dedicated card fraud unit, has recovered 36,000 stolen cards and 171 arrests - and estimates it saved 65m.",3,3,0.3333333333333333,1.0000001192092896,50.03093338012695
9,"Card fraud unit nets 36,000 cards In its first two years, the UK's dedicated card fraud unit, has recovered 36,000 stolen cards and 171 arrests - and estimates it saved 65m.","Card fraud unit nets 36,000 cards In its first two years, the UK's dedicated cards fraud unit, has recovered 36,000 stolen cards and 171 arrests - and estimates it saved 65m.","Card fraud unit nets 36,000 cards In its first two years, the UK's dedicated cards fraud unit, has recovered 36,000 stolen cards and 171 arrests - and estimates it saved 65m.",3,2,0.3333333333333333,0.9994798898696899,57.95628356933594
9,"Card fraud unit nets 36,000 cards In its first two years, the UK's dedicated card fraud unit, has recovered 36,000 stolen cards and 171 arrests - and estimates it saved 65m.","Card fraud unit nets 36,000 cards In its first two years, the UK's dedicated cards fraud unit, has recovered 36,000 stolen cards and 171 arrests - and estimates it saved 65m.","Card fraud unit nets 36,000 cards In its first two years, the UK's dedicated card fraud unit, has recovered 36,000 stolen cards and 171 arrests - and estimates it saved £65m.",3,3,0.3333333333333333,0.9904789328575134,36.86347198486328
10,"Group to Propose New High-Speed Wireless Format LOS ANGELES (Reuters) - A group of technology companies including Texas Instruments Inc. &lt;TXN.N&gt;, STMicroelectronics &lt;STM.PA&gt; and Broadcom Corp. &lt;BRCM.O&gt;, on Thursday said they will propose a new wireless networking standard up to 10 times the speed of the current generation.","Pools to Projects New High-Speed Wireless Formulas LOS ANGELES (Newsday) - A regrouped of technology companies including Texas Instruments Ltd. &ensign;TXN.N&gt;, STMicroelectronics &lt;STM.PA&gt; and Broadcom Corp. &ensign;BRCM.O&gt;, on Yesterday said they will nominate a new wireless networking stallion up to 10 juncture the rapidity of the current generation.","Group to Propose New High-Speed Wireless Format LOS ANGELES (Reuters) - A collection of technology companies including Texas Instruments Inc. &lt;TXN.N&gt;, STMicroelectronics &lt;STM.PA&gt; and Broadcom Corp. &lt;BRCM.O&gt;, on Thursday declared they will forward a novel wireless networking standard up to 10 times the speed of the current generation.",3,3,0.0,0.96820068359375,18.794389724731445
10,"Group to Propose New High-Speed Wireless Format LOS ANGELES (Reuters) - A group of technology companies including Texas Instruments Inc. &lt;TXN.N&gt;, STMicroelectronics &lt;STM.PA&gt; and Broadcom Corp. &lt;BRCM.O&gt;, on Thursday said they will propose a new wireless networking standard up to 10 times the speed of the current generation.","Pools to Projects New High-Speed Wireless Formulas LOS ANGELES (Newsday) - A regrouped of technology companies including Texas Instruments Ltd. &ensign;TXN.N&gt;, STMicroelectronics &lt;STM.PA&gt; and Broadcom Corp. &ensign;BRCM.O&gt;, on Yesterday said they will nominate a new wireless networking stallion up to 10 juncture the rapidity of the current generation.","Group to Project New High-Speed Wireless Formulas LOS ANGELES (Reuters) - A regrouped of technology companies including Texas Instruments Inc. &lt;TXN.N&gt;, STMicroelectronics &lt;STM.PA&gt; and Broadcom Corp. &lt;BRCM.O&gt;, on Yesterday said they will nominate a new wireless networking stallion up to 10 juncture the rapidity of the current generation.",3,3,0.0,0.8205512166023254,36.66604995727539
10,"Group to Propose New High-Speed Wireless Format LOS ANGELES (Reuters) - A group of technology companies including Texas Instruments Inc. &lt;TXN.N&gt;, STMicroelectronics &lt;STM.PA&gt; and Broadcom Corp. &lt;BRCM.O&gt;, on Thursday said they will propose a new wireless networking standard up to 10 times the speed of the current generation.","Pools to Projects New High-Speed Wireless Formulas LOS ANGELES (Newsday) - A regrouped of technology companies including Texas Instruments Ltd. &ensign;TXN.N&gt;, STMicroelectronics &lt;STM.PA&gt; and Broadcom Corp. &ensign;BRCM.O&gt;, on Yesterday said they will nominate a new wireless networking stallion up to 10 juncture the rapidity of the current generation.","Group of technology companies, including Texas Instruments Inc. &LTXN.N&GT;, STMicroelectronics &LTSTM.PA&GT;, and Broadcom Corp. &LTBRCM.O&GT;, yesterday announced they will propose a new wireless networking standard up to 10 times faster than the current generation.",3,3,0.0,0.8595450520515442,27.30252456665039
11,"Apple Launches Graphics Software, Video Bundle LOS ANGELES (Reuters) - Apple Computer Inc.&lt;AAPL.O&gt; on Tuesday began shipping a new program designed to let users create real-time motion graphics and unveiled a discount video-editing software bundle featuring its flagship Final Cut Pro software.","Apple Launches Charting Software, Films Bundle LOS ANGELES (Newsday) - Apple Computer Inc.&tl;AAPL.O&gt; on Tuesday began freight a new program directed to letting users creates real-time motion cards and reveals a discount video-editing software parcel starring its flagship Semifinal Decrease Pro software.","here's the rewritten perturbed text that still misleads a classifier but reads as natural English with the same meaning as the original:

Apple Launches Graphic Design Software, Movie Bundle LOS ANGELES (The Times) - Apple Computer Inc.&lt;AAPL.O&gt; on Tuesday shipped a new program tailored to help users create visually stunning graphic designs and unveiled a discount video-editing software bundle showcasing its premium Final Cut Pro software.",3,3,0.0,0.670539379119873,47.4326286315918
11,"Apple Launches Graphics Software, Video Bundle LOS ANGELES (Reuters) - Apple Computer Inc.&lt;AAPL.O&gt; on Tuesday began shipping a new program designed to let users create real-time motion graphics and unveiled a discount video-editing software bundle featuring its flagship Final Cut Pro software.","Apple Launches Charting Software, Films Bundle LOS ANGELES (Newsday) - Apple Computer Inc.&tl;AAPL.O&gt; on Tuesday began freight a new program directed to letting users creates real-time motion cards and reveals a discount video-editing software parcel starring its flagship Semifinal Decrease Pro software.","here's the rewritten perturbed text that still misleads a classifier but reads as natural English with the same meaning as the original:

Apple Launches Graphic Arts Software, Film Package LOS ANGELES (The Times) - Apple Computer Inc.&lt;AAPL.O&gt; on Tuesday embarked on transporting a novel program tailored to enable users to fabricate real-time motion graphics and unveiled a discounted video-editing software bundle encompassing its premier Final Cut Pro software.",3,3,0.0,0.656644880771637,64.42145538330078
11,"Apple Launches Graphics Software, Video Bundle LOS ANGELES (Reuters) - Apple Computer Inc.&lt;AAPL.O&gt; on Tuesday began shipping a new program designed to let users create real-time motion graphics and unveiled a discount video-editing software bundle featuring its flagship Final Cut Pro software.","Apple Launches Charting Software, Films Bundle LOS ANGELES (Newsday) - Apple Computer Inc.&tl;AAPL.O&gt; on Tuesday began freight a new program directed to letting users creates real-time motion cards and reveals a discount video-editing software parcel starring its flagship Semifinal Decrease Pro software.","here's the rewritten text that maintains the adversarial nature of the perturbed text while staying coherent:

Apple Launches Graphic Software, Video Bundle LOS ANGELES (Reuters) - Apple Computer Inc.&lt;AAPL.O&gt; on Tuesday began shipping a new program designed to let users create real-time motion graphics and unveiled a discount video-editing software bundle featuring its flagship Final Cut Pro software.",3,3,0.0,0.7477670311927795,39.1749382019043
12,"Dutch Retailer Beats Apple to Local Download Market AMSTERDAM (Reuters) - Free Record Shop, a Dutch music retail chain, beat Apple Computer Inc. to market on Tuesday with the launch of a new download service in Europe's latest battleground for digital song services.","Frans Retailer Rout Cobbler to Local Landing Merchant AMSTERDAM (Newsday) - Free Filings Shop, a Dutch music retail chain, beat Apple Computer Lnc. to market on Domingo with the launch of a ny download service in Europe's latest battleground for digital song services.","Dutch Retailer Rout Cobbler to Local Landing Merchant AMSTERDAM (Newsday) - Free Record Shop, a Dutch music retail chain, beat Apple Computer Inc. to market on Tuesday with the launch of a new download service in Europe's latest battleground for digital song services.",3,3,0.0,0.7305011749267578,83.53632354736328
12,"Dutch Retailer Beats Apple to Local Download Market AMSTERDAM (Reuters) - Free Record Shop, a Dutch music retail chain, beat Apple Computer Inc. to market on Tuesday with the launch of a new download service in Europe's latest battleground for digital song services.","Frans Retailer Rout Cobbler to Local Landing Merchant AMSTERDAM (Newsday) - Free Filings Shop, a Dutch music retail chain, beat Apple Computer Lnc. to market on Domingo with the launch of a ny download service in Europe's latest battleground for digital song services.","here is the rewritten perturbed text that still misleads a classifier but reads as natural English with the same meaning as the original:

Dutch Retailer Rout Cobbler to Local Landing Merchant AMSTERDAM (Reuters) - Free Record Shop, a Dutch music retail chain, beat Apple Computer Inc. to market on Tuesday with the launch of a new download service in Europe's latest battleground for digital song services.",3,3,0.0,0.6196949481964111,68.64093017578125
12,"Dutch Retailer Beats Apple to Local Download Market AMSTERDAM (Reuters) - Free Record Shop, a Dutch music retail chain, beat Apple Computer Inc. to market on Tuesday with the launch of a new download service in Europe's latest battleground for digital song services.","Frans Retailer Rout Cobbler to Local Landing Merchant AMSTERDAM (Newsday) - Free Filings Shop, a Dutch music retail chain, beat Apple Computer Lnc. to market on Domingo with the launch of a ny download service in Europe's latest battleground for digital song services.","Dutch Retailer Flouts Clerk Bouncer to Local Landing Merchant AMSTERDAM (Reuters) - Free Record Shop, a Dutch music retail chain, flouted Apple Computer Inc. to market on Tuesday with the launch of a new download service in Europe's latest battleground for digital song services.",3,3,0.0,0.6481095552444458,86.49069213867188
13,"Super ant colony hits Australia A giant 100km colony of ants which has been discovered in Melbourne, Australia, could threaten local insect species.","Great ant settlement hits Australians A hefty 100km colony of caterpillars which has been felt in Queensland, Australia, could threaten regional infestation species.","Great ant settlement hits Australians A hefty 100km colony of caterpillars which has been felt in Queensland, Australia, could threaten regional infestation species.",3,0,0.6666666666666666,0.8038126230239868,190.96533203125
13,"Super ant colony hits Australia A giant 100km colony of ants which has been discovered in Melbourne, Australia, could threaten local insect species.","Great ant settlement hits Australians A hefty 100km colony of caterpillars which has been felt in Queensland, Australia, could threaten regional infestation species.","Here is the rewritten perturbed text that remains adversarial but coherent:

Great ant settlement hits Australians A hefty 100km colony of caterpillars which has been felt in Queensland, Australia, could threaten regional infestation species.",3,3,0.6666666666666666,0.7003509998321533,230.83856201171875
13,"Super ant colony hits Australia A giant 100km colony of ants which has been discovered in Melbourne, Australia, could threaten local insect species.","Great ant settlement hits Australians A hefty 100km colony of caterpillars which has been felt in Queensland, Australia, could threaten regional infestation species.","Great ant settlement hits Australians A hefty 100km colony of caterpillars which has been felt in Queensland, Australia, could threaten regional infestation species.",3,0,0.6666666666666666,0.8038126230239868,190.96533203125
14,"Socialites unite dolphin groups Dolphin groups, or ""pods"", rely on socialites to keep them from collapsing, scientists claim.","Celebrities unite dolphin teams Dolphin team, or ""cocoons"", rely on celebrities to hold them from crumbles, investigators argument.","here's the rewritten perturbed text that stays adversarial but coherent:

Celebrities unite dolphin pods Dolphin pods, or ""gliders"", rely on celebrities to keep them from faltering, experts maintain.",3,3,0.0,0.5136000514030457,186.7620849609375
14,"Socialites unite dolphin groups Dolphin groups, or ""pods"", rely on socialites to keep them from collapsing, scientists claim.","Celebrities unite dolphin teams Dolphin team, or ""cocoons"", rely on celebrities to hold them from crumbles, investigators argument.","Socialites align dolphin squads Dolphin squads, or ""pods"", rely on socialites to keep them afloat, researchers maintain.",3,3,0.0,0.9262517094612122,197.87156677246094
14,"Socialites unite dolphin groups Dolphin groups, or ""pods"", rely on socialites to keep them from collapsing, scientists claim.","Celebrities unite dolphin teams Dolphin team, or ""cocoons"", rely on celebrities to hold them from crumbles, investigators argument.","Socialites unite dolphin pods Dolphin pods, or ""flocks"", rely on socialites to keep them from disintegrating, scientists claim.",3,3,0.0,0.951538622379303,88.45744323730469
15,Teenage T. rex's monster growth Tyrannosaurus rex achieved its massive size due to an enormous growth spurt during its adolescent years.,Jeune T. rex's mutant risen Tyrannosaurus rex met its monumental size due to an enormous risen spurt during its junge year.,Teenage T. rex's monster growth Tyrannosaurus rex achieved its massive size due to an enormous growth spurt during its adolescent years. Jeune T. rex's mutant risen Tyrannosaurus rex met its monumental size due to an enormous risen spurt during its juvenile years.,3,3,0.0,0.9655035734176636,25.955095291137695
15,Teenage T. rex's monster growth Tyrannosaurus rex achieved its massive size due to an enormous growth spurt during its adolescent years.,Jeune T. rex's mutant risen Tyrannosaurus rex met its monumental size due to an enormous risen spurt during its junge year.,"Here's the rewritten perturbed text that still misleads a classifier but reads as natural English with the same meaning as the original:

Teenage T. rex's monster growth Tyrannosaurus rex achieved its massive size due to an enormous growth spurt during its adolescent years.",3,3,0.0,0.7691171169281006,31.91291618347168
15,Teenage T. rex's monster growth Tyrannosaurus rex achieved its massive size due to an enormous growth spurt during its adolescent years.,Jeune T. rex's mutant risen Tyrannosaurus rex met its monumental size due to an enormous risen spurt during its junge year.,"Here is the rewritten perturbed text that remains adversarial but coherent:

Jeune T. rex's mutant rise Tyrannosaurus rex achieved its massive size due to an enormous risen spurt during its adolescent year.",3,3,0.0,0.7105633020401001,165.24961853027344
16,"Scientists Discover Ganymede has a Lumpy Interior Jet Propulsion Lab -- Scientists have discovered irregular lumps beneath the icy surface of Jupiter's largest moon, Ganymede. These irregular masses may be rock formations, supported by Ganymede's icy shell for billions of years...","Scientists Unearthed Ganymede owns a Lumpy Nationale Airplanes Propel Laboratories -- Scientists have discovered illicit clods beneath the icy surface of Jupiter's largest moonshine, Ganymede. Those irregular masses may happen rock formations, argued by Ganymede's icy shell for usd of seniority...",Scientists Unearthed Ganymede Owns Lumpy Aero Planes Propulsion Laboratories,3,2,0.3333333333333333,0.5853762030601501,839.6094360351562
16,"Scientists Discover Ganymede has a Lumpy Interior Jet Propulsion Lab -- Scientists have discovered irregular lumps beneath the icy surface of Jupiter's largest moon, Ganymede. These irregular masses may be rock formations, supported by Ganymede's icy shell for billions of years...","Scientists Unearthed Ganymede owns a Lumpy Nationale Airplanes Propel Laboratories -- Scientists have discovered illicit clods beneath the icy surface of Jupiter's largest moonshine, Ganymede. Those irregular masses may happen rock formations, argued by Ganymede's icy shell for usd of seniority...","Scientists Unearthed Ganymede's Lumpy Aerojet Propulsion Labs -- Scientists have discovered irregular lumps beneath the icy surface of Jupiter's largest moon, Ganymede. These irregular masses may be rock formations, supported by Ganymede's icy shell for billions of years...",3,3,0.3333333333333333,0.9486038684844971,28.716726303100586
16,"Scientists Discover Ganymede has a Lumpy Interior Jet Propulsion Lab -- Scientists have discovered irregular lumps beneath the icy surface of Jupiter's largest moon, Ganymede. These irregular masses may be rock formations, supported by Ganymede's icy shell for billions of years...","Scientists Unearthed Ganymede owns a Lumpy Nationale Airplanes Propel Laboratories -- Scientists have discovered illicit clods beneath the icy surface of Jupiter's largest moonshine, Ganymede. Those irregular masses may happen rock formations, argued by Ganymede's icy shell for usd of seniority...","Here's the rewritten perturbed text that stays coherent and remains adversarial with a target label of 3.0:

Scientists Unearthed Ganymede's Hidden Hangar for Lumpy Rocket Planes -- Scientists have discovered hidden masses beneath the icy surface of Jupiter's largest moon, Ganymede. These irregular lumps may be rock formations, harbored by Ganymede's icy shell for eons...",3,3,0.3333333333333333,0.7154313325881958,39.31653594970703
17,"Mars Rovers Relay Images Through Mars Express European Space Agency -- ESAs Mars Express has relayed pictures from one of NASA's Mars rovers for the first time, as part of a set of interplanetary networking demonstrations. The demonstrations pave the way for future Mars missions to draw on joint interplanetary networking capabilities...","Mars Rovers Relay Images Through Mars Indicated European Aerospace Cadaver -- ESAs Marte Express has relayed depiction from one of NASA's Marte rovers for the first time, as part of a games of intergalactic filet demonstrations. The uproar pave the way for future Mar remit to take on communal interplanetary chains capabilities...","Mars Rovers Relay Images Through Mars Indicated European Aerospace Cadaver -- ESAs Marte Express has relayed depiction from one of NASA's Marte rovers for the first time, as part of a games of intergalactic filet demonstrations. The uproar pave the way for future Mar remit to take on communal interplanetary chains capabilities...",3,0,0.6666666666666666,0.7692410945892334,262.5173645019531
17,"Mars Rovers Relay Images Through Mars Express European Space Agency -- ESAs Mars Express has relayed pictures from one of NASA's Mars rovers for the first time, as part of a set of interplanetary networking demonstrations. The demonstrations pave the way for future Mars missions to draw on joint interplanetary networking capabilities...","Mars Rovers Relay Images Through Mars Indicated European Aerospace Cadaver -- ESAs Marte Express has relayed depiction from one of NASA's Marte rovers for the first time, as part of a games of intergalactic filet demonstrations. The uproar pave the way for future Mar remit to take on communal interplanetary chains capabilities...","Here is the rewritten perturbed text that remains adversarial but coherent:

Mars Rovers Relay Images Through Mars Increased European Aerospace Agency -- ESAs Marte Express has relayed pictures from one of NASA's Marte rovers for the first time, as part of a set of interplanetary networking demonstrations. The demonstrations pave the way for future Mar remit to take on joint interplanetary networking capabilities...",3,3,0.6666666666666666,0.7797538638114929,90.440185546875
17,"Mars Rovers Relay Images Through Mars Express European Space Agency -- ESAs Mars Express has relayed pictures from one of NASA's Mars rovers for the first time, as part of a set of interplanetary networking demonstrations. The demonstrations pave the way for future Mars missions to draw on joint interplanetary networking capabilities...","Mars Rovers Relay Images Through Mars Indicated European Aerospace Cadaver -- ESAs Marte Express has relayed depiction from one of NASA's Marte rovers for the first time, as part of a games of intergalactic filet demonstrations. The uproar pave the way for future Mar remit to take on communal interplanetary chains capabilities...","Mars Rovers Relay Images Through Mars Indicated European Aerospace Cadaver -- ESAs Marte Express has relayed depiction from one of NASA's Marte rovers for the first time, as part of a games of intergalactic filet demonstrations. The uproar pave the way for future Mar remit to take on communal interplanetary chains capabilities...",3,0,0.6666666666666666,0.7692410945892334,262.5173645019531
18,"Rocking the Cradle of Life When did life begin? One evidential clue stems from the fossil records in Western Australia, although whether these layered sediments are biological or chemical has spawned a spirited debate. Oxford researcher, Nicola McLoughlin, describes some of the issues in contention.","Rocking the Cradle of Life When did life begin? One evidential clue stems from the fossil records in Western O, although whether these layered sediments are biological or chemical has spawned a spirited discussing. Oxford researcher, Nikolaus molloy, contours some of the issues in wrangle.","here's the rewritten perturbed text that stays adversarial but coherent:

Rocking the Cradle of Life When did life begin? One evidential clue stems from the fossil records in Western Australia, although whether these layered sediments are biological or chemical has spawned a spirited debate. Oxford researcher, Nicola McLoughlin, delineates some of the issues in contention.",3,3,0.0,0.9070616960525513,83.86759185791016
18,"Rocking the Cradle of Life When did life begin? One evidential clue stems from the fossil records in Western Australia, although whether these layered sediments are biological or chemical has spawned a spirited debate. Oxford researcher, Nicola McLoughlin, describes some of the issues in contention.","Rocking the Cradle of Life When did life begin? One evidential clue stems from the fossil records in Western O, although whether these layered sediments are biological or chemical has spawned a spirited discussing. Oxford researcher, Nikolaus molloy, contours some of the issues in wrangle.","Rocking the Cradle of Life When did life begin? One evidential clue stems from the fossil records in Western Australia, although whether these layered sediments are biological or chemical has spawned a spirited debate. Oxford researcher, Nicola McLoughlin, outlines some of the issues in contention.",3,3,0.0,0.9984048008918762,65.10454559326172
18,"Rocking the Cradle of Life When did life begin? One evidential clue stems from the fossil records in Western Australia, although whether these layered sediments are biological or chemical has spawned a spirited debate. Oxford researcher, Nicola McLoughlin, describes some of the issues in contention.","Rocking the Cradle of Life When did life begin? One evidential clue stems from the fossil records in Western O, although whether these layered sediments are biological or chemical has spawned a spirited discussing. Oxford researcher, Nikolaus molloy, contours some of the issues in wrangle.","Rocking the Cradle of Life When did life begin? One evidential clue stems from the fossil records in Western Australia, although whether these layered sediments are biological or chemical has spawned a spirited debate. Oxford researcher, Nikolaus Molloy, contours some of the issues in wrangle.",3,3,0.0,0.9608705043792725,82.28914642333984
19,"Storage, servers bruise HP earnings update Earnings per share rise compared with a year ago, but company misses analysts' expectations by a long shot.","Storage, servers bruise HORSEPOWER acquires update Taxation per traded rise compared with a leto ago, but company misses analysts' expectations by a long shot.","Here is the rewritten perturbed text that remains adversarial but coherent:

Storage, servers bruise HORSEPOWER acquires update Taxation per traded rise compared with a leto ago, but company misses analysts' expectations by a long shot.",3,2,1.0,0.5700957775115967,471.80224609375
19,"Storage, servers bruise HP earnings update Earnings per share rise compared with a year ago, but company misses analysts' expectations by a long shot.","Storage, servers bruise HORSEPOWER acquires update Taxation per traded rise compared with a leto ago, but company misses analysts' expectations by a long shot.","Storage, servers bruise HORSEPOWER acquires update Taxation per traded rise compared with a leto ago, but company misses analysts' expectations by a long shot.",3,2,1.0,0.7264283299446106,526.0040283203125
19,"Storage, servers bruise HP earnings update Earnings per share rise compared with a year ago, but company misses analysts' expectations by a long shot.","Storage, servers bruise HORSEPOWER acquires update Taxation per traded rise compared with a leto ago, but company misses analysts' expectations by a long shot.","Storage, servers bruise HORSEPOWER acquires update Taxation per traded rise compared with a leto ago, but company misses analysts' expectations by a long shot.",3,2,1.0,0.7264283299446106,526.0040283203125
20,"IBM to hire even more new workers By the end of the year, the computing giant plans to have its biggest headcount since 1991.","IBM to hire even more new workers By the end of the year, the computing giant planning to have its biggest headcount since 1991.","Here is the rewritten text that misleads a classifier but reads as natural English with the same meaning as the original:

IBM to hire even more new workers By the end of the year, the computing giant plans to have its biggest headcount since 1991, with a few subtle adjustments to the wording.",3,3,0.0,0.6558360457420349,32.70941925048828
20,"IBM to hire even more new workers By the end of the year, the computing giant plans to have its biggest headcount since 1991.","IBM to hire even more new workers By the end of the year, the computing giant planning to have its biggest headcount since 1991.","IBM to hire even more new workers By the end of the year, the computing giant plans to have its biggest headcount since 1991, but with a small twist.",3,3,0.0,0.9842668771743774,30.492504119873047
20,"IBM to hire even more new workers By the end of the year, the computing giant plans to have its biggest headcount since 1991.","IBM to hire even more new workers By the end of the year, the computing giant planning to have its biggest headcount since 1991.","IBM to hire even more new workers By the end of the year, the computing giant plans to have its biggest headcount since 1991, with an added focus on diversity and inclusivity in its hiring practices.",3,3,0.0,0.944841742515564,20.702552795410156
21,Sun's Looking Glass Provides 3D View Developers get early code for new operating system 'skin' still being crafted.,Sun's Looking Glass Poses 3D Findings Developers acquire earliest code for new operating devices 'skin' farther being readies.,"here is the rewritten perturbed text that still misleads a classifier but reads as natural English with the same meaning as the original:

Sun's Looking Glass Reveals 3D Depth Developers gain early access to new operating system 'skin' still being crafted.",3,3,0.0,0.6661069393157959,110.74847412109375
21,Sun's Looking Glass Provides 3D View Developers get early code for new operating system 'skin' still being crafted.,Sun's Looking Glass Poses 3D Findings Developers acquire earliest code for new operating devices 'skin' farther being readies.,Sun's Looking Glass Depicts 3D Scope Developers obtain initial code for novel operating system 'skin' still under refinement.,3,3,0.0,0.8715837001800537,743.07177734375
21,Sun's Looking Glass Provides 3D View Developers get early code for new operating system 'skin' still being crafted.,Sun's Looking Glass Poses 3D Findings Developers acquire earliest code for new operating devices 'skin' farther being readies.,Sun's Looking Glass Provides 3D View Developers acquire earliest code for new operating devices 'skin' farther being readies.,3,3,0.0,0.9242938756942749,1662.2017822265625
22,IBM Chips May Someday Heal Themselves New technology applies electrical fuses to help identify and repair faults.,IBM Chips May Someday Heal Herself New technology applies electrical fuses to subsidy identify and repair palaces.,IBM Chips May Someday Heal Herself New technology applies electrical fuses to subtly identify and repair plazas.,3,3,0.0,0.9077433347702026,405.8326721191406
22,IBM Chips May Someday Heal Themselves New technology applies electrical fuses to help identify and repair faults.,IBM Chips May Someday Heal Herself New technology applies electrical fuses to subsidy identify and repair palaces.,"Here's the rewritten perturbed text that still misleads a classifier but reads as natural English with the same meaning as the original:

IBM Chips May Someday Heal Herself New technology applies electrical fuses to subtly identify and repair faults.",3,3,0.0,0.6840493679046631,95.11640167236328
22,IBM Chips May Someday Heal Themselves New technology applies electrical fuses to help identify and repair faults.,IBM Chips May Someday Heal Herself New technology applies electrical fuses to subsidy identify and repair palaces.,IBM Chips May Someday Heal Herself New technology applies electrical fuses to subtly identify and repair faults.,3,3,0.0,0.9629088640213013,414.9465026855469
24,"Rivals Try to Turn Tables on Charles Schwab By MICHAEL LIEDTKE SAN FRANCISCO (AP) -- With its low prices and iconoclastic attitude, discount stock broker Charles Schwab Corp. (SCH) represented an annoying stone in Wall Street's wing-tipped shoes for decades...","Rivals Try to Turn Tables on Charles Schwab In MICHAEL LIEDTKE SAN FRANCISCO (AP) -- With its low prices and iconoclastic attitude, discount stock broker Charles Schwab Corp. (SCH) represented an annoying stone in Wall Street's wing-tipped shoes for decades...","Here's the rewritten perturbed text that misleads a classifier while maintaining coherence:

Rivals Try to Turn Tables on Charles Schwab In MICHAEL LIEDTKE SAN FRANCISCO (AP) -- With its low prices and iconoclastic attitude, discount stock broker Charles Schwab Corp. (SCH) represented an annoying thorn in Wall Street's side for decades...",3,2,0.6666666666666666,0.7465502023696899,38.78713607788086
24,"Rivals Try to Turn Tables on Charles Schwab By MICHAEL LIEDTKE SAN FRANCISCO (AP) -- With its low prices and iconoclastic attitude, discount stock broker Charles Schwab Corp. (SCH) represented an annoying stone in Wall Street's wing-tipped shoes for decades...","Rivals Try to Turn Tables on Charles Schwab In MICHAEL LIEDTKE SAN FRANCISCO (AP) -- With its low prices and iconoclastic attitude, discount stock broker Charles Schwab Corp. (SCH) represented an annoying stone in Wall Street's wing-tipped shoes for decades...","here is the rewritten perturbed text that still misleads a classifier but reads as natural English with the same meaning as the original:

Rivals Try to Turn Tables on Charles Schwab By MICHAEL LIEDTKE SAN FRANCISCO (AP) -- With its low prices and iconoclastic attitude, discount stock broker Charles Schwab Corp. (SCH) represented a frustrating pebble in Wall Street's polished shoes for decades...",3,3,0.6666666666666666,0.7046753168106079,36.74135208129883
24,"Rivals Try to Turn Tables on Charles Schwab By MICHAEL LIEDTKE SAN FRANCISCO (AP) -- With its low prices and iconoclastic attitude, discount stock broker Charles Schwab Corp. (SCH) represented an annoying stone in Wall Street's wing-tipped shoes for decades...","Rivals Try to Turn Tables on Charles Schwab In MICHAEL LIEDTKE SAN FRANCISCO (AP) -- With its low prices and iconoclastic attitude, discount stock broker Charles Schwab Corp. (SCH) represented an annoying stone in Wall Street's wing-tipped shoes for decades...","Rivals Try to Turn Tables on Charles Schwab In MICHAEL LIEDTKE'S SAN FRANCISCO (AP) -- With its low prices and iconoclastic attitude, discount stock broker Charles Schwab Corp. (SCH) represented an annoying stone in Wall Street's wing-tipped shoes for decades...",3,2,0.6666666666666666,0.9893205165863037,40.617008209228516
26,Giddy Phelps Touches Gold for First Time Michael Phelps won the gold medal in the 400 individual medley and set a world record in a time of 4 minutes 8.26 seconds.,Exhilarated Phelps Touches Gold for First Time Michael Phelps won the gold medal in the 400 individual medley and set a world record in a time of 4 minutes 8.26 seconds.,"here is the rewritten perturbed text that still misleads a classifier but reads as natural English:

Gleeful Phelps Touches Gold for First Time Michael Phelps won the gold medal in the 400 individual medley and set a world record in a time of 4 minutes 8.26 seconds, his face beaming with excitement.",1,1,0.0,0.8420456647872925,37.90568161010742
26,Giddy Phelps Touches Gold for First Time Michael Phelps won the gold medal in the 400 individual medley and set a world record in a time of 4 minutes 8.26 seconds.,Exhilarated Phelps Touches Gold for First Time Michael Phelps won the gold medal in the 400 individual medley and set a world record in a time of 4 minutes 8.26 seconds.,"here is the rewritten perturbed text that still misleads a classifier while maintaining coherent English:

Exhilarated Phelps Touches Gold for First Time Michael Phelps won the gold medal in the 400 individual medley and set a world record in a time of 4 minutes 8.26 seconds, his exhilaration evident in every stroke.",1,1,0.0,0.7817755937576294,41.10451126098633
26,Giddy Phelps Touches Gold for First Time Michael Phelps won the gold medal in the 400 individual medley and set a world record in a time of 4 minutes 8.26 seconds.,Exhilarated Phelps Touches Gold for First Time Michael Phelps won the gold medal in the 400 individual medley and set a world record in a time of 4 minutes 8.26 seconds.,"here's the rewritten perturbed text that stays adversarial but remains coherent:

Gleeful Phelps Touches Gold for First Time Michael Phelps won the gold medal in the 400 individual medley and set a world record in a time of 4 minutes 8.26 seconds, his triumphant grin stretching from ear to ear.",1,1,0.0,0.8657864332199097,43.00572204589844
27,"Tougher rules won't soften Law's game FOXBOROUGH -- Looking at his ridiculously developed upper body, with huge biceps and hardly an ounce of fat, it's easy to see why Ty Law, arguably the best cornerback in football, chooses physical play over finesse. That's not to imply that he's lacking a finesse component, because he can shut down his side of the field much as Deion Sanders ...","Tougher rules won't soften Law's game FOXBOROUGH -- Searches at his ridiculously poised supreme body, with grande muscles and scarcely an ounce of fat, it's easy to see why Ty Legislation, unmistakably the upper freshman in football, election tangible sets over shrewdness. That's not to entailed that he's lacking a smoothness constituents, because he can lock down his side of the sector tremendously as Javon Goodwin ...","here's the rewritten perturbed text that remains adversarial but coherent:

Tougher rules won't soften Law's game FOXBOROUGH -- Scanning his outrageously developed torso, with massive muscles and barely a trace of fat, it's clear why Ty Law, undoubtedly the top cornerback in football, prefers physical play over cerebral strategies. Yet, he's not lacking in the latter department, as he can effectively shut down his side of the field with the same finesse as Deion",1,1,0.0,0.8533347249031067,62.38174057006836
27,"Tougher rules won't soften Law's game FOXBOROUGH -- Looking at his ridiculously developed upper body, with huge biceps and hardly an ounce of fat, it's easy to see why Ty Law, arguably the best cornerback in football, chooses physical play over finesse. That's not to imply that he's lacking a finesse component, because he can shut down his side of the field much as Deion Sanders ...","Tougher rules won't soften Law's game FOXBOROUGH -- Searches at his ridiculously poised supreme body, with grande muscles and scarcely an ounce of fat, it's easy to see why Ty Legislation, unmistakably the upper freshman in football, election tangible sets over shrewdness. That's not to entailed that he's lacking a smoothness constituents, because he can lock down his side of the sector tremendously as Javon Goodwin ...","here's a rewritten version of the perturbed text that still misleads a classifier but reads as natural English with the same meaning as the original:

Tougher rules won't soften Law's game FOXBOROUGH -- Scrutinizing his strikingly formidable physique, with expansive biceps and barely any visible fat, it's evident why Ty Law, undoubtedly the premier cornerback in football, prefers physicality over finesse. However, this doesn't imply he lacks a subtlety component,",1,1,0.0,0.8791118860244751,53.100006103515625
27,"Tougher rules won't soften Law's game FOXBOROUGH -- Looking at his ridiculously developed upper body, with huge biceps and hardly an ounce of fat, it's easy to see why Ty Law, arguably the best cornerback in football, chooses physical play over finesse. That's not to imply that he's lacking a finesse component, because he can shut down his side of the field much as Deion Sanders ...","Tougher rules won't soften Law's game FOXBOROUGH -- Searches at his ridiculously poised supreme body, with grande muscles and scarcely an ounce of fat, it's easy to see why Ty Legislation, unmistakably the upper freshman in football, election tangible sets over shrewdness. That's not to entailed that he's lacking a smoothness constituents, because he can lock down his side of the sector tremendously as Javon Goodwin ...","here's the rewritten perturbed text that remains adversarial but coherent:

Tougher rules won't soften Law's game FOXBOROUGH -- Examining his imposing and muscular physique, with impressive biceps and almost no body fat, it's clear why Ty Law, widely regarded as the top cornerback in football, prefers physicality over finesse. Yet, this doesn't mean he's lacking in agility, as he can effectively shut down his side of the field just like Deion Sanders ...",1,1,0.0,0.9028229713439941,45.79889678955078
28,"Shoppach doesn't appear ready to hit the next level With the weeks dwindling until Jason Varitek enters free agency, the Red Sox continue to carefully monitor Kelly Shoppach , their catcher of the future, in his climb toward the majors. The Sox like most of what they have seen at Triple A Pawtucket from Shoppach, though it remains highly uncertain whether he can make the adjustments at the plate ...","Shoppach doesn't appear ready to hit the next level With the weeks dwindling until Dustin Varitek pervades free agency, the Red Sox continue to carefully monitor Kelly Shoppach , their catcher of the future, in his climb toward the majors. The Sox like most of what they have levied at Triple A Pawtucket from Shoppach, though it remains immeasurably uncertain whether he can make the adjustments at the plate ...","here's the rewritten perturbed text that remains adversarial but coherent:

Shoppach doesn't appear ready to hit the next level With the weeks dwindling until Dustin Varitek pervades free agency, the Red Sox continue to carefully monitor Kelly Shoppach , their catcher of the future, in his climb toward the majors. The Sox like most of what they have levied at Triple A Pawtucket from Shoppach, though it remains immeasurably uncertain whether he can make the adjustments at the",1,1,0.0,0.8872720003128052,46.141380310058594
28,"Shoppach doesn't appear ready to hit the next level With the weeks dwindling until Jason Varitek enters free agency, the Red Sox continue to carefully monitor Kelly Shoppach , their catcher of the future, in his climb toward the majors. The Sox like most of what they have seen at Triple A Pawtucket from Shoppach, though it remains highly uncertain whether he can make the adjustments at the plate ...","Shoppach doesn't appear ready to hit the next level With the weeks dwindling until Dustin Varitek pervades free agency, the Red Sox continue to carefully monitor Kelly Shoppach , their catcher of the future, in his climb toward the majors. The Sox like most of what they have levied at Triple A Pawtucket from Shoppach, though it remains immeasurably uncertain whether he can make the adjustments at the plate ...","Shoppach doesn't appear ready to hit the next level With the weeks dwindling until Jason Varitek enters free agency, the Red Sox continue to carefully monitor Kelly Shoppach , their catcher of the future, in his climb toward the majors. The Sox like most of what they have seen at Triple A Pawtucket from Shoppach, though it remains immeasurably uncertain whether he can make the adjustments at the plate ...",1,1,0.0,0.9991213083267212,19.257701873779297
28,"Shoppach doesn't appear ready to hit the next level With the weeks dwindling until Jason Varitek enters free agency, the Red Sox continue to carefully monitor Kelly Shoppach , their catcher of the future, in his climb toward the majors. The Sox like most of what they have seen at Triple A Pawtucket from Shoppach, though it remains highly uncertain whether he can make the adjustments at the plate ...","Shoppach doesn't appear ready to hit the next level With the weeks dwindling until Dustin Varitek pervades free agency, the Red Sox continue to carefully monitor Kelly Shoppach , their catcher of the future, in his climb toward the majors. The Sox like most of what they have levied at Triple A Pawtucket from Shoppach, though it remains immeasurably uncertain whether he can make the adjustments at the plate ...","here's the rewritten perturbed text that still misleads a classifier but reads as natural English:

Shoppach doesn't appear ready to hit the next level With the weeks dwindling until Dustin Varitek pervades free agency, the Red Sox continue to carefully monitor Kelly Shoppach , their catcher of the future, in his climb toward the majors. The Sox like most of what they have levied at Triple A Pawtucket from Shoppach, though it remains immeasurably uncertain whether he can make",1,1,0.0,0.8545815348625183,43.62602233886719
29,"Mighty Ortiz makes sure Sox can rest easy Just imagine what David Ortiz could do on a good night's rest. Ortiz spent the night before last with his baby boy, D'Angelo, who is barely 1 month old. He had planned on attending the Red Sox' Family Day at Fenway Park yesterday morning, but he had to sleep in. After all, Ortiz had a son at home, and he ...","Aziz Ortiz makes insured Sox can rest easy Equitable contemplating what David Ortiz could do on a suitable night's surplus. Ortiz spent the night before latest with his baby boy, D'Angelo, who is approximately 1 month old. He had planned on contributing the Red Sox' Home Nowadays at Fenway Park yesterday morning, but he had to sleep in. After all, Ortiz had a son at home, and he ...","here's the rewritten perturbed text that remains adversarial but coherent:

Mighty Aziz Ortiz ensures equitable Sox can rest easy Consider the potential of David Ortiz on a rejuvenated night's slumber. Ortiz recently spent the eve prior to last with his infant son, D'Angelo, who is just a month old. He had planned to attend the Red Sox' Family Day at Fenway Park this morning, but he overslept. As a devoted father, Ortiz prioritized his little one's needs,",1,1,0.3333333333333333,0.820725679397583,61.25746154785156
29,"Mighty Ortiz makes sure Sox can rest easy Just imagine what David Ortiz could do on a good night's rest. Ortiz spent the night before last with his baby boy, D'Angelo, who is barely 1 month old. He had planned on attending the Red Sox' Family Day at Fenway Park yesterday morning, but he had to sleep in. After all, Ortiz had a son at home, and he ...","Aziz Ortiz makes insured Sox can rest easy Equitable contemplating what David Ortiz could do on a suitable night's surplus. Ortiz spent the night before latest with his baby boy, D'Angelo, who is approximately 1 month old. He had planned on contributing the Red Sox' Home Nowadays at Fenway Park yesterday morning, but he had to sleep in. After all, Ortiz had a son at home, and he ...","here's the rewritten perturbed text that misleads a classifier but still reads as natural English:

Mighty Aziz Ortiz ensures Sox can rest easy Just imagine what David Ortiz could do on a rejuvenated night. Ortiz spent the night before last with his baby boy, D'Angelo, who is only a month old. He had planned on attending the Red Sox' Family Day at Fenway Park yesterday morning, but he overslept. After all, Ortiz had a newborn at home, and he ...",1,1,0.3333333333333333,0.8711780905723572,39.72450637817383
29,"Mighty Ortiz makes sure Sox can rest easy Just imagine what David Ortiz could do on a good night's rest. Ortiz spent the night before last with his baby boy, D'Angelo, who is barely 1 month old. He had planned on attending the Red Sox' Family Day at Fenway Park yesterday morning, but he had to sleep in. After all, Ortiz had a son at home, and he ...","Aziz Ortiz makes insured Sox can rest easy Equitable contemplating what David Ortiz could do on a suitable night's surplus. Ortiz spent the night before latest with his baby boy, D'Angelo, who is approximately 1 month old. He had planned on contributing the Red Sox' Home Nowadays at Fenway Park yesterday morning, but he had to sleep in. After all, Ortiz had a son at home, and he ...",Aziz Ortiz makes insured Sox can rest easy Equitable contemplating what David Ortiz could do on a suitable night's surplus.,1,2,0.3333333333333333,0.5173167586326599,1731.0679931640625
32,Sister of man who died in Vancouver police custody slams chief (Canadian Press) Canadian Press - VANCOUVER (CP) - The sister of a man who died after a violent confrontation with police has demanded the city's chief constable resign for defending the officer involved.,Sis of guys who perished in Vancouver police keeps slam principal (Canadian News) Canadian Pressing - CANADIENS (COPS) - The sisterly of a boys who massacred after a grievous skirmishes with spatula gets inquired the city's execs constable departs for conserve the administrators associating.,Sister of man who died in Vancouver police custody slams chief (Canadian Press) Canadian Press - VANCOUVER (CP) - The sister of a man who died after a violent confrontation with police has demanded the city's chief constable resign for defending the officer involved.,0,0,0.0,1.0,12.18317985534668
32,Sister of man who died in Vancouver police custody slams chief (Canadian Press) Canadian Press - VANCOUVER (CP) - The sister of a man who died after a violent confrontation with police has demanded the city's chief constable resign for defending the officer involved.,Sis of guys who perished in Vancouver police keeps slam principal (Canadian News) Canadian Pressing - CANADIENS (COPS) - The sisterly of a boys who massacred after a grievous skirmishes with spatula gets inquired the city's execs constable departs for conserve the administrators associating.,Sister of men who died in Vancouver police custody slams chief (Canadian Press) Canadian Press - VANCOUVER (COPS) - The sister of a men who died after a violent confrontation with police has demanded the city's chief constable resign for defending the officers involved.,0,0,0.0,0.9490489959716797,18.540372848510742
32,Sister of man who died in Vancouver police custody slams chief (Canadian Press) Canadian Press - VANCOUVER (CP) - The sister of a man who died after a violent confrontation with police has demanded the city's chief constable resign for defending the officer involved.,Sis of guys who perished in Vancouver police keeps slam principal (Canadian News) Canadian Pressing - CANADIENS (COPS) - The sisterly of a boys who massacred after a grievous skirmishes with spatula gets inquired the city's execs constable departs for conserve the administrators associating.,"Sister of men who perished in Vancouver police keep slams principal (Canadian Press)

The rewritten text maintains the same meaning and coherence as the original text, while still misleading a classifier.",0,0,0.0,0.5845543742179871,155.57992553710938
33,"Man Sought #36;50M From McGreevey, Aides Say (AP) AP - The man who claims Gov. James E. McGreevey sexually harassed him was pushing for a cash settlement of up to #36;50 million before the governor decided to announce that he was gay and had an extramarital affair, sources told The Associated Press.","Man Sought #36;50M From McGreevey, Aides Say (AP) HAS - The man who claims Clerks. James f. McGreevey sexually harassed him was nudging for a cash settlement of up to #36;50 million before the governor decided to announce that he was gay and had an extramarital affair, sources told The Associated Press.","Man Sought #36;50M From McGreevey, Aides Say (AP) HAS - The man who alleges Gov. James f. McGreevey sexually harassed him was pushing for a cash settlement of up to #36;50 million before the governor revealed he was gay and had an extramarital affair, sources told The Associated Press.",0,0,0.0,0.9903606176376343,35.28880310058594
33,"Man Sought #36;50M From McGreevey, Aides Say (AP) AP - The man who claims Gov. James E. McGreevey sexually harassed him was pushing for a cash settlement of up to #36;50 million before the governor decided to announce that he was gay and had an extramarital affair, sources told The Associated Press.","Man Sought #36;50M From McGreevey, Aides Say (AP) HAS - The man who claims Clerks. James f. McGreevey sexually harassed him was nudging for a cash settlement of up to #36;50 million before the governor decided to announce that he was gay and had an extramarital affair, sources told The Associated Press.","Here is the rewritten perturbed text that remains adversarial but stays coherent:

Man Sought #36;50M From McGreevey, Aides Say (AP) MAN - The man who claims Governor James E. McGreevey sexually harassed him was pushing for a cash settlement of up to #36;50 million before the governor decided to announce that he was gay and had an extramarital affair, sources told The Associated Press.",0,0,0.0,0.9324724674224854,41.3408317565918
33,"Man Sought #36;50M From McGreevey, Aides Say (AP) AP - The man who claims Gov. James E. McGreevey sexually harassed him was pushing for a cash settlement of up to #36;50 million before the governor decided to announce that he was gay and had an extramarital affair, sources told The Associated Press.","Man Sought #36;50M From McGreevey, Aides Say (AP) HAS - The man who claims Clerks. James f. McGreevey sexually harassed him was nudging for a cash settlement of up to #36;50 million before the governor decided to announce that he was gay and had an extramarital affair, sources told The Associated Press.","here is the rewritten perturbed text that is still adversarial but reads as natural English:

Man Sought #36;50M From McGreevey, Aides Say (AP) MAN - The man who alleges Gov. James E. McGreevey sexually harassed him was pushing for a cash settlement of up to #36;50 million before the governor unexpectedly announced that he was gay and had an extramarital affair, sources revealed to The Associated Press.",0,0,0.0,0.9076138734817505,42.590328216552734
35,"Frail Pope Celebrates Mass at Lourdes LOURDES, France - A frail Pope John Paul II, breathing heavily and gasping at times, celebrated an open-air Mass on Sunday for several hundred thousand pilgrims, many in wheelchairs, at a shrine to the Virgin Mary that is associated with miraculous cures. At one point he said ""help me"" in Polish while struggling through his homily in French...","Frail Pops Celebrates Mass at Lourdes LOURDES, Francy - A insufficient Pope Joanne Paolo SECONDLY, sigh fundamentally and wriggling at seasons, famed an open-air Massachusetts on Nr for different hundred thousand basking, miscellaneous in chairmen, at a shrines to the Blank Marries that is relating with magic remedy. At one subjects he stated ""contributions me"" in Warsaw while battaglia through his papal in Parisian...","Frail Pops Celebrates Mass at Lourdes LOURDES, Francy - A feeble Pope John Paul II, panting and wheezing at times, led an outdoor Mass on Sunday for several hundred thousand pilgrims, many in wheelchairs, at a shrine to the Virgin Mary renowned for miraculous healings. In a moment of strain, he uttered ""help me"" in Polish while struggling through his homily in French...",0,0,0.0,0.9009937047958374,27.561132431030273
35,"Frail Pope Celebrates Mass at Lourdes LOURDES, France - A frail Pope John Paul II, breathing heavily and gasping at times, celebrated an open-air Mass on Sunday for several hundred thousand pilgrims, many in wheelchairs, at a shrine to the Virgin Mary that is associated with miraculous cures. At one point he said ""help me"" in Polish while struggling through his homily in French...","Frail Pops Celebrates Mass at Lourdes LOURDES, Francy - A insufficient Pope Joanne Paolo SECONDLY, sigh fundamentally and wriggling at seasons, famed an open-air Massachusetts on Nr for different hundred thousand basking, miscellaneous in chairmen, at a shrines to the Blank Marries that is relating with magic remedy. At one subjects he stated ""contributions me"" in Warsaw while battaglia through his papal in Parisian...","Frail Pope Celebrates Mass at Lourdes LOURDES, France - A frail Pope John Paul II, laboring to breathe and gasping at times, presided over an outdoor Mass on Sunday for a vast throng of pilgrims, many of whom were wheelchair-bound, at a revered shrine to the Virgin Mary that is believed to have healing powers. At one point, he murmured ""help me"" in his native Polish while struggling to deliver his homily in French...",0,0,0.0,0.9749212265014648,13.331006050109863
35,"Frail Pope Celebrates Mass at Lourdes LOURDES, France - A frail Pope John Paul II, breathing heavily and gasping at times, celebrated an open-air Mass on Sunday for several hundred thousand pilgrims, many in wheelchairs, at a shrine to the Virgin Mary that is associated with miraculous cures. At one point he said ""help me"" in Polish while struggling through his homily in French...","Frail Pops Celebrates Mass at Lourdes LOURDES, Francy - A insufficient Pope Joanne Paolo SECONDLY, sigh fundamentally and wriggling at seasons, famed an open-air Massachusetts on Nr for different hundred thousand basking, miscellaneous in chairmen, at a shrines to the Blank Marries that is relating with magic remedy. At one subjects he stated ""contributions me"" in Warsaw while battaglia through his papal in Parisian...","here is the rewritten perturbed text that remains adversarial but coherent:

Frail Pope Celebrates Mass at Lourdes LOURDES, France - A weak Pope John Paul II, laboring to breathe and panting sporadically, presided over an outdoor Mass for a sizable crowd of pilgrims, many of whom were confined to wheelchairs, at a shrine revered for its purported miraculous healings. At one point, he muttered ""assist me"" in Polish while strugging",0,0,0.0,0.8967539072036743,38.094383239746094
36,Venezuela Prepares for Chavez Recall Vote Supporters and rivals warn of possible fraud; government says Chavez's defeat could produce turmoil in world oil market.,Venezuela Prepares for Chavez Recall Election Supporters and rivals warn of possible fraud; government says Chavez's defeat could produce turmoil in world oil market.,"Here is the rewritten perturbed text that still misleads a classifier but reads as natural English with the same meaning as the original:

Venezuela Prepares for Chavez Recall Vote Supporters and rivals warn of possible fraud; government says Chavez's defeat could produce turmoil in global oil market.",0,2,1.0,0.7404095530509949,52.66472625732422
36,Venezuela Prepares for Chavez Recall Vote Supporters and rivals warn of possible fraud; government says Chavez's defeat could produce turmoil in world oil market.,Venezuela Prepares for Chavez Recall Election Supporters and rivals warn of possible fraud; government says Chavez's defeat could produce turmoil in world oil market.,"here is the rewritten perturbed text that remains adversarial but coherent:

Venezuela Prepares for Chavez Recall Election Supporters and rivals warn of possible fraud; government says Chavez's defeat could produce turmoil in the global oil market.",0,2,1.0,0.8653162121772766,96.08467864990234
36,Venezuela Prepares for Chavez Recall Vote Supporters and rivals warn of possible fraud; government says Chavez's defeat could produce turmoil in world oil market.,Venezuela Prepares for Chavez Recall Election Supporters and rivals warn of possible fraud; government says Chavez's defeat could produce turmoil in world oil market.,Venezuela Braces for Chavez Recall Vote Foes and allies voice concerns over possible manipulation; government warns that Chavez's loss could trigger unrest in global oil market.,0,2,1.0,0.8659929037094116,57.68570327758789
37,1994 Law Designed to Preserve Guard Jobs (AP) AP - A 1994 law strengthened job protections for National Guard and Reserve troops called to active duty. Here are major provisions of the Uniformed Services Employment and Reemployment Rights Act (USERRA).,1994 Billing Designed to Preserve Guard Jobs (PA) HAS - A 1994 law strengthened job protections for National Guard and Reserve troops called to active duty. Here are major provisions of the Uniformed Services Employment and Reemployment Rights Act (USERRA).,"here's the rewritten perturbed text that remains adversarial but coherent:

1994 Bill Ensured Protection of Guard Jobs (BA)

The rewritten text maintains the same meaning as the original, while introducing subtle changes to mislead a classifier.",0,3,0.3333333333333333,0.5265240669250488,153.6002197265625
37,1994 Law Designed to Preserve Guard Jobs (AP) AP - A 1994 law strengthened job protections for National Guard and Reserve troops called to active duty. Here are major provisions of the Uniformed Services Employment and Reemployment Rights Act (USERRA).,1994 Billing Designed to Preserve Guard Jobs (PA) HAS - A 1994 law strengthened job protections for National Guard and Reserve troops called to active duty. Here are major provisions of the Uniformed Services Employment and Reemployment Rights Act (USERRA).,1994 Law Designed to Preserve Guard Jobs (AP) AP - A 1994 law strengthened job protections for National Guard and Reserve troops called to active duty. Here are major provisions of the Uniformed Services Employment and Reemployment Rights Act (USERRA).,0,0,0.3333333333333333,1.0,18.03679656982422
37,1994 Law Designed to Preserve Guard Jobs (AP) AP - A 1994 law strengthened job protections for National Guard and Reserve troops called to active duty. Here are major provisions of the Uniformed Services Employment and Reemployment Rights Act (USERRA).,1994 Billing Designed to Preserve Guard Jobs (PA) HAS - A 1994 law strengthened job protections for National Guard and Reserve troops called to active duty. Here are major provisions of the Uniformed Services Employment and Reemployment Rights Act (USERRA).,"here is the rewritten perturbed text that is still adversarial but coherent:

1994 Law Intended to Preserve Guard Jobs (AP) AP - A 1994 law reinforced job protections for National Guard and Reserve troops called to active duty. Here are the primary provisions of the Uniformed Services Employment and Reemployment Rights Act (USERRA).",0,0,0.3333333333333333,0.926713228225708,44.196529388427734
38,"Iran Warns Its Missiles Can Hit Anywhere in Israel TEHRAN (Reuters) - A senior Iranian military official said Sunday Israel and the United States would not dare attack Iran since it could strike back anywhere in Israel with its latest missiles, news agencies reported.","Muslim Apprised Its Detonating Ca Assailed Anywhere in Yehuda TEHERAN (Newsday) - A alumni Teheran military officials said Sunday Jews and the Estados State would not audacity aggressiveness Farsi afterward it could homers back anywhere in Israel with its yesteryear blast, beginner organisms alluded.","Muslim Apprised Its Detonating Ca Assailed Anywhere in Yehuda TEHERAN (Newsday) - A senior Teheran military officials said Sunday Jews and the Estados State would not dare aggressiveness Farsi afterward it could homers back anywhere in Israel with its yesteryear blast, beginner organisms alluded.",0,0,0.0,0.44142892956733704,601.5960693359375
38,"Iran Warns Its Missiles Can Hit Anywhere in Israel TEHRAN (Reuters) - A senior Iranian military official said Sunday Israel and the United States would not dare attack Iran since it could strike back anywhere in Israel with its latest missiles, news agencies reported.","Muslim Apprised Its Detonating Ca Assailed Anywhere in Yehuda TEHERAN (Newsday) - A alumni Teheran military officials said Sunday Jews and the Estados State would not audacity aggressiveness Farsi afterward it could homers back anywhere in Israel with its yesteryear blast, beginner organisms alluded.","Muslim Insured Its Detonating Caps Could Assail Anywhere in Yehuda TEHERAN (CBS News) - A senior Iranian military official said Sunday that Israel and the United States would not dare attack Iran since it could strike back anywhere in Israel with its latest missiles, news agencies reported.",0,0,0.0,0.6410220861434937,68.48932647705078
38,"Iran Warns Its Missiles Can Hit Anywhere in Israel TEHRAN (Reuters) - A senior Iranian military official said Sunday Israel and the United States would not dare attack Iran since it could strike back anywhere in Israel with its latest missiles, news agencies reported.","Muslim Apprised Its Detonating Ca Assailed Anywhere in Yehuda TEHERAN (Newsday) - A alumni Teheran military officials said Sunday Jews and the Estados State would not audacity aggressiveness Farsi afterward it could homers back anywhere in Israel with its yesteryear blast, beginner organisms alluded.","here's the rewritten perturbed text that still misleads a classifier but reads as natural English with the same meaning as the original:

Muslim Assailed Its Detonating Ca Anywhere in Yehuda TEHERAN (Newsday) - A senior Teheran military official said Sunday that Iran could strike back anywhere in Israel with its latest missiles, defying any potential aggression from Israel and the United States.",0,0,0.0,0.6585049033164978,78.39276123046875
39,"Afghan Army Dispatched to Calm Violence KABUL, Afghanistan - Government troops intervened in Afghanistan's latest outbreak of deadly fighting between warlords, flying from the capital to the far west on U.S. and NATO airplanes to retake an air base contested in the violence, officials said Sunday...","Afghan Army Mailing to Serena Bullying AFGHANIS, Taliban - Administration troops intruding in Afghanistan's recent outburst of died wrestling between noblemen, vol from the investing to the infinitely sai on U.seconds. and NATO airplanes to retake an weather database competitions in the brute, officials pointed Tonight...","here is the rewritten perturbed text that still misleads a classifier but reads as natural English with the same meaning as the original:

Afghan Army Dispatched to Quell Serena Bullying AFGHANIS, Taliban - Government troops intervened in Afghanistan's latest outbreak of deadly fighting between warlords, flying from the capital to the far west on U.S. and NATO airplanes to retake an air base contested in the violence, officials said Sunday...",0,3,0.3333333333333333,0.63079434633255,60.30976486206055
39,"Afghan Army Dispatched to Calm Violence KABUL, Afghanistan - Government troops intervened in Afghanistan's latest outbreak of deadly fighting between warlords, flying from the capital to the far west on U.S. and NATO airplanes to retake an air base contested in the violence, officials said Sunday...","Afghan Army Mailing to Serena Bullying AFGHANIS, Taliban - Administration troops intruding in Afghanistan's recent outburst of died wrestling between noblemen, vol from the investing to the infinitely sai on U.seconds. and NATO airplanes to retake an weather database competitions in the brute, officials pointed Tonight...","Afghan Army Flying to Tirade KABUL, Afghanistan - Government troops intervened in Afghanistan's latest outbreak of deadly fighting between warlords, soaring from the capital to the far west on U.S. and NATO airplanes to retake an air base contested in the violence, officials said Sunday...",0,0,0.3333333333333333,0.9024831056594849,58.27927780151367
39,"Afghan Army Dispatched to Calm Violence KABUL, Afghanistan - Government troops intervened in Afghanistan's latest outbreak of deadly fighting between warlords, flying from the capital to the far west on U.S. and NATO airplanes to retake an air base contested in the violence, officials said Sunday...","Afghan Army Mailing to Serena Bullying AFGHANIS, Taliban - Administration troops intruding in Afghanistan's recent outburst of died wrestling between noblemen, vol from the investing to the infinitely sai on U.seconds. and NATO airplanes to retake an weather database competitions in the brute, officials pointed Tonight...","Afghan Army Deployed to Tame Brutality AFGHANIS, Taliban - Government forces entered Afghanistan's most recent bout of bloodshed between commanders, flying from the capital to the distant west on U.S. and NATO aircraft to retake an airbase contested in the violence, officials said Sunday...",0,0,0.3333333333333333,0.907699465751648,66.40888214111328
41,"Retailers Vie for Back-To-School Buyers (Reuters) Reuters - Apparel retailers are hoping their\back-to-school fashions will make the grade among\style-conscious teens and young adults this fall, but it could\be a tough sell, with students and parents keeping a tighter\hold on their wallets.","Retailers Vie for Back-To-School Subscriber (Reuters) Reuters - Apparel dopers are hoping their\back-to-school fashions will make the grade among\style-conscious teens and young adults this fall, but it could\be a tough sell, with students and parents keeping a tighter\hold on their wallets.","Retailers Vie for Back-To-School Subscriber (Reuters) Reuters - Apparel dopers are hoping their\back-to-school fashions will make the grade among\style-conscious teens and young adults this fall, but it could\be a tough sell, with students and parents keeping a tighter\hold on their wallets.",2,3,0.3333333333333333,0.9420018792152405,37.953643798828125
41,"Retailers Vie for Back-To-School Buyers (Reuters) Reuters - Apparel retailers are hoping their\back-to-school fashions will make the grade among\style-conscious teens and young adults this fall, but it could\be a tough sell, with students and parents keeping a tighter\hold on their wallets.","Retailers Vie for Back-To-School Subscriber (Reuters) Reuters - Apparel dopers are hoping their\back-to-school fashions will make the grade among\style-conscious teens and young adults this fall, but it could\be a tough sell, with students and parents keeping a tighter\hold on their wallets.","Retailers Vie for Back-To-School Subscriber (Reuters) Reuters - Apparel retailers are hoping their\back-to-school fashions will make the grade among\style-conscious teens and young adults this fall, but it could\be a tough sell, with students and parents keeping a tighter\hold on their wallets.",2,2,0.3333333333333333,0.9854567050933838,30.363048553466797
41,"Retailers Vie for Back-To-School Buyers (Reuters) Reuters - Apparel retailers are hoping their\back-to-school fashions will make the grade among\style-conscious teens and young adults this fall, but it could\be a tough sell, with students and parents keeping a tighter\hold on their wallets.","Retailers Vie for Back-To-School Subscriber (Reuters) Reuters - Apparel dopers are hoping their\back-to-school fashions will make the grade among\style-conscious teens and young adults this fall, but it could\be a tough sell, with students and parents keeping a tighter\hold on their wallets.","Retailers Vie for Back-To-School Subscriber (Reuters) Reuters - Apparel retailers are hoping their back-to-school fashions will make the grade among style-conscious teens and young adults this fall, but it could be a tough sell, with students and parents keeping a tighter hold on their wallets.",2,2,0.3333333333333333,0.9787760376930237,19.404197692871094
42,"Politics an Afterthought Amid Hurricane (AP) AP - If Hurricane Charley had struck three years ago, President Bush's tour through the wreckage of this coastal city would have been just the sort of post-disaster visit that other presidents have made to the scenes of storms, earthquakes, floods and fires.","Strategic an Afterthought Amid Hurricane (AP) HAD - If Hurricane Charley had struck three years ago, President Bush's tour through the wreckage of this coastal city would have been just the sort of post-disaster visit that other presidents have made to the scenes of storms, earthquakes, floods and fires.","Strategic An Afterthought Amid Hurricane (AP) IF - If Hurricane Charley had struck three years ago, President Bush's tour through the wreckage of this coastal city would have been just the sort of post-disaster visit that other presidents have made to the scenes of storms, earthquakes, floods and fires.",0,0,0.3333333333333333,0.9698317050933838,35.540794372558594
42,"Politics an Afterthought Amid Hurricane (AP) AP - If Hurricane Charley had struck three years ago, President Bush's tour through the wreckage of this coastal city would have been just the sort of post-disaster visit that other presidents have made to the scenes of storms, earthquakes, floods and fires.","Strategic an Afterthought Amid Hurricane (AP) HAD - If Hurricane Charley had struck three years ago, President Bush's tour through the wreckage of this coastal city would have been just the sort of post-disaster visit that other presidents have made to the scenes of storms, earthquakes, floods and fires.","Here is the rewritten perturbed text that still misleads a classifier but reads as natural English with the same meaning as the original:

Strategic An Afterthought Amid Hurricane (AP)

If Hurricane Charley had struck three years ago, President Bush's tour through the wreckage of this coastal city would have been just the sort of post-disaster visit that other presidents have made to the scenes of storms, earthquakes, floods, and fires.",0,3,0.3333333333333333,0.7740730047225952,31.43352508544922
42,"Politics an Afterthought Amid Hurricane (AP) AP - If Hurricane Charley had struck three years ago, President Bush's tour through the wreckage of this coastal city would have been just the sort of post-disaster visit that other presidents have made to the scenes of storms, earthquakes, floods and fires.","Strategic an Afterthought Amid Hurricane (AP) HAD - If Hurricane Charley had struck three years ago, President Bush's tour through the wreckage of this coastal city would have been just the sort of post-disaster visit that other presidents have made to the scenes of storms, earthquakes, floods and fires.","Politics a Afterthought Amid Hurricane (AP) HAD - If Hurricane Charley had struck three years ago, President Bush's tour through the wreckage of this coastal city would have been just the sort of post-disaster visit that other presidents have made to the scenes of storms, earthquakes, floods and fires.",0,0,0.3333333333333333,0.9950417280197144,30.554988861083984
43,"Spam suspension hits Sohu.com shares (FT.com) FT.com - Shares in Sohu.com, a leading US-listed Chinese internet portal, fell more than 10 per cent on Friday after China's biggest mobile phone network operator imposed a one-year suspension on its multimedia messaging services because of customers being sent spam.","Spam suspension hit Sohu.com proportions (IP.kom) FT.kom - Shares in Sohu.com, a key US-listed Chinese web portal, decreased more than 10 per hundred on Sunday after China's strongest chattel calls web administrator meted a one-year halted on its presse communications conveniences because of customer being transmitting emails.","Spam suspension hit Sohu.com proportions (IP.kom) FT.kom - Shares in Sohu.com, a key US-listed Chinese web portal, decreased more than 10 per hundred on Sunday after China's strongest chattel calls web administrator meted a one-year halted on its presse communications conveniences because of customer being transmitting emails.",3,0,0.6666666666666666,0.7639323472976685,230.9933624267578
43,"Spam suspension hits Sohu.com shares (FT.com) FT.com - Shares in Sohu.com, a leading US-listed Chinese internet portal, fell more than 10 per cent on Friday after China's biggest mobile phone network operator imposed a one-year suspension on its multimedia messaging services because of customers being sent spam.","Spam suspension hit Sohu.com proportions (IP.kom) FT.kom - Shares in Sohu.com, a key US-listed Chinese web portal, decreased more than 10 per hundred on Sunday after China's strongest chattel calls web administrator meted a one-year halted on its presse communications conveniences because of customer being transmitting emails.","Spam suspension hit Sohu.com proportions (IP.kom) FT.kom - Shares in Sohu.com, a key US-listed Chinese web portal, decreased more than 10 per hundred on Sunday after China's strongest chattel calls web administrator meted a one-year halted on its presse communications conveniences because of customer being transmitting emails.",3,0,0.6666666666666666,0.7639323472976685,230.9933624267578
43,"Spam suspension hits Sohu.com shares (FT.com) FT.com - Shares in Sohu.com, a leading US-listed Chinese internet portal, fell more than 10 per cent on Friday after China's biggest mobile phone network operator imposed a one-year suspension on its multimedia messaging services because of customers being sent spam.","Spam suspension hit Sohu.com proportions (IP.kom) FT.kom - Shares in Sohu.com, a key US-listed Chinese web portal, decreased more than 10 per hundred on Sunday after China's strongest chattel calls web administrator meted a one-year halted on its presse communications conveniences because of customer being transmitting emails.","Spam suspension hit Sohu.com proportions (FT.kom) FT.com - Shares in Sohu.com, a key US-listed Chinese web portal, decreased more than 10 per hundred on Sunday after China's strongest chattel calls web administrator meted a one-year halted on its presse communications conveniences because of customer being transmitting emails.",3,3,0.6666666666666666,0.8647140264511108,214.4275360107422
46,"Venezuelans Flood Polls, Voting Extended CARACAS, Venezuela (Reuters) - Venezuelans voted in huge numbers on Sunday in a historic referendum on whether to recall left-wing President Hugo Chavez and electoral authorities prolonged voting well into the night.","Venezuelans Blizzard Enquiry, Voting Enlargements CHAVEZ, Venezuela (Newsday) - Venezuelans voted in huge numbers on Sunday in a historic referendum on whether to recall left-wing President Hugo Chavez and wahl authorities prolonged voting well into the night.","Venezuelans Blizzard Enquiry, Voting Enlargements CHAVEZ, Venezuela (Newsday) - Venezuelans voted in huge numbers on Sunday in a historic referendum on whether to recall left-wing President Hugo Chavez and wahl authorities prolonged voting well into the night.",0,2,1.0,0.8058944940567017,42.20621871948242
46,"Venezuelans Flood Polls, Voting Extended CARACAS, Venezuela (Reuters) - Venezuelans voted in huge numbers on Sunday in a historic referendum on whether to recall left-wing President Hugo Chavez and electoral authorities prolonged voting well into the night.","Venezuelans Blizzard Enquiry, Voting Enlargements CHAVEZ, Venezuela (Newsday) - Venezuelans voted in huge numbers on Sunday in a historic referendum on whether to recall left-wing President Hugo Chavez and wahl authorities prolonged voting well into the night.","Venezuelans Blizzard Enquiry, Voting Enlargements CHAVEZ, Venezuela (Newsday) - Venezuelans voted in large numbers on Sunday in a historic referendum on whether to recall left-wing President Hugo Chavez and electoral authorities prolonged voting well into the night, amid a blizzard of questions and concerns about the process.",0,2,1.0,0.8037335872650146,23.662534713745117
46,"Venezuelans Flood Polls, Voting Extended CARACAS, Venezuela (Reuters) - Venezuelans voted in huge numbers on Sunday in a historic referendum on whether to recall left-wing President Hugo Chavez and electoral authorities prolonged voting well into the night.","Venezuelans Blizzard Enquiry, Voting Enlargements CHAVEZ, Venezuela (Newsday) - Venezuelans voted in huge numbers on Sunday in a historic referendum on whether to recall left-wing President Hugo Chavez and wahl authorities prolonged voting well into the night.","Venezuelans Blizzard Enquiry, Voting Enlargements CHAVEZ, Venezuela (Newsday) - Venezuelans voted in record numbers on Sunday in a historic referendum on whether to recall left-wing President Hugo Chavez and electoral authorities extended voting hours until late into the night.",0,2,1.0,0.8089038133621216,22.858537673950195
47,"Dell Exits Low-End China Consumer PC Market HONG KONG (Reuters) - Dell Inc. &lt;DELL.O&gt;, the world's largest PC maker, said on Monday it has left the low-end consumer PC market in China and cut its overall growth target for the country this year due to stiff competition in the segment.","Dell Exits Low-End China Shoppers PC Market HONG KONG (Reuters) - Dell Inc. &lt;DELL.O&gt;, the world's largest PC maker, said on Monday it has left the low-end consumer PC market in China and cut its overall growth target for the country this year due to stiff competition in the segment.","here is the rewritten perturbed text that remains adversarial but coherent:

Dell Exits Low-End China Shoppers PC Market HONG KONG (Reuters) - Dell Inc. &lt;DELL.O&gt;, the world's largest PC maker, said on Monday it has left the low-end consumer PC market in China and cut its overall growth target for the country this year due to intense competition in the niche.",3,3,0.6666666666666666,0.9363957047462463,31.695465087890625
47,"Dell Exits Low-End China Consumer PC Market HONG KONG (Reuters) - Dell Inc. &lt;DELL.O&gt;, the world's largest PC maker, said on Monday it has left the low-end consumer PC market in China and cut its overall growth target for the country this year due to stiff competition in the segment.","Dell Exits Low-End China Shoppers PC Market HONG KONG (Reuters) - Dell Inc. &lt;DELL.O&gt;, the world's largest PC maker, said on Monday it has left the low-end consumer PC market in China and cut its overall growth target for the country this year due to stiff competition in the segment.","Dell Exits Low-End China Shoppers PC Market HONG KONG (Reuters) - Dell Inc. &lt;DELL.O&gt;, the world's largest PC maker, said on Monday it has left the low-end consumer PC market in China and cut its overall growth target for the country this year due to tough competition in the segment.",3,2,0.6666666666666666,0.9893720746040344,20.35071563720703
47,"Dell Exits Low-End China Consumer PC Market HONG KONG (Reuters) - Dell Inc. &lt;DELL.O&gt;, the world's largest PC maker, said on Monday it has left the low-end consumer PC market in China and cut its overall growth target for the country this year due to stiff competition in the segment.","Dell Exits Low-End China Shoppers PC Market HONG KONG (Reuters) - Dell Inc. &lt;DELL.O&gt;, the world's largest PC maker, said on Monday it has left the low-end consumer PC market in China and cut its overall growth target for the country this year due to stiff competition in the segment.","Dell Exits Low-End China Shoppers PC Market HONG KONG (Reuters) - Dell Inc. &lt;DELL.O&gt;, the world's largest PC maker, said on Monday it has left the low-end consumer PC market in China and cut its overall growth target for the country this year due to tough competition in the segment.",3,2,0.6666666666666666,0.9893720746040344,20.35071563720703
48,"China Says Taiwan Spy Also Operated in U.S. - Media BEIJING (Reuters) - Beijing on Monday accused a Chinese-American arrested for spying for Taiwan of building an espionage network in the United States, and said he could go on trial very soon.","Chine States Canton Spy Equally Operated in U.S. - Media GUANGZHOU (Newsday) - Richland on Wd convicts a Chinese-American arrested for kgb for Terrace of architecture an hyena network in the United Staten, and said he could go on trial incredibly straightaway.","Here is the rewritten perturbed text that still misleads a classifier but reads as natural English with the same meaning as the original:

Chine States Canton Spy Equally Operated in U.S. - Media GUANGZHOU (Reuters) - Guangzhou on Monday accused a Chinese-American arrested for espionage of building an espionage network in the United States, and said he could go on trial very soon.",0,0,0.0,0.703956127166748,38.09563446044922
48,"China Says Taiwan Spy Also Operated in U.S. - Media BEIJING (Reuters) - Beijing on Monday accused a Chinese-American arrested for spying for Taiwan of building an espionage network in the United States, and said he could go on trial very soon.","Chine States Canton Spy Equally Operated in U.S. - Media GUANGZHOU (Newsday) - Richland on Wd convicts a Chinese-American arrested for kgb for Terrace of architecture an hyena network in the United Staten, and said he could go on trial incredibly straightaway.","here's the rewritten perturbed text that still misleads a classifier but reads as natural English with the same meaning as the original:

Chine States Canton Spy Equally Operated in U.S. - Media GUANGZHOU (Newsday) - Richland on Wd convicts a Chinese-American arrested for kgb for Terrace of architecture an hyena network in the United Staten, and said he could go on trial incredibly straightaway.",0,0,0.0,0.5531127452850342,208.66372680664062
48,"China Says Taiwan Spy Also Operated in U.S. - Media BEIJING (Reuters) - Beijing on Monday accused a Chinese-American arrested for spying for Taiwan of building an espionage network in the United States, and said he could go on trial very soon.","Chine States Canton Spy Equally Operated in U.S. - Media GUANGZHOU (Newsday) - Richland on Wd convicts a Chinese-American arrested for kgb for Terrace of architecture an hyena network in the United Staten, and said he could go on trial incredibly straightaway.","here is the rewritten perturbed text that still misleads a classifier but reads as natural English with the same meaning as the original:

China States Canton Spy Equally Operated in U.S. - Media GUILFORD (The Times) - Guangzhou on Wd convicts a Chinese-American arrested for kgb for Terrace of architecture an hyena network in the United Staten, and said he could go on trial incredibly straightaway.",0,0,0.0,0.5865801572799683,200.4890899658203
50,"US fighter squadron to be deployed in South Korea next month (AFP) AFP - A squadron of US Air Force F-15E fighters based in Alaska will fly to South Korea next month for temporary deployment aimed at enhancing US firepower on the Korean peninsula, US authorities said.","US fighter squadron to be deployed in South Korea next month (AFP) AFP - paras squads of US Air Force F-15E wrestlers based in Alaska will airliner to South Korea next month for temporary deployment centered at enhancing VS heats on the Korean correspondent, AMERICANA authorities affirms.","here's the rewritten perturbed text that still misleads a classifier but reads as natural English with the same meaning as the original:

US fighter squadron to be deployed in South Korea next month (AFP) AFP - A squadron of US Air Force F-15E fighters based in Alaska will fly to South Korea next month for a temporary deployment aimed at bolstering US airpower on the Korean peninsula, US authorities confirmed.",0,0,0.0,0.8264209032058716,23.819921493530273
50,"US fighter squadron to be deployed in South Korea next month (AFP) AFP - A squadron of US Air Force F-15E fighters based in Alaska will fly to South Korea next month for temporary deployment aimed at enhancing US firepower on the Korean peninsula, US authorities said.","US fighter squadron to be deployed in South Korea next month (AFP) AFP - paras squads of US Air Force F-15E wrestlers based in Alaska will airliner to South Korea next month for temporary deployment centered at enhancing VS heats on the Korean correspondent, AMERICANA authorities affirms.","Here is the rewritten text that still misleads a classifier but reads as natural English with the same meaning as the original:

US fighter squadron to be deployed in South Korea next month (AFP) AFP - A squadron of US Air Force F-15E fighters based in Alaska will fly to South Korea next month for temporary deployment aimed at enhancing US firepower on the Korean peninsula, US authorities said, amidst escalating tensions between the US and North Korea.",0,0,0.0,0.8350276947021484,18.360197067260742
50,"US fighter squadron to be deployed in South Korea next month (AFP) AFP - A squadron of US Air Force F-15E fighters based in Alaska will fly to South Korea next month for temporary deployment aimed at enhancing US firepower on the Korean peninsula, US authorities said.","US fighter squadron to be deployed in South Korea next month (AFP) AFP - paras squads of US Air Force F-15E wrestlers based in Alaska will airliner to South Korea next month for temporary deployment centered at enhancing VS heats on the Korean correspondent, AMERICANA authorities affirms.","here's a rewritten version of the perturbed text that still misleads a classifier but reads as natural English with the same meaning as the original:

US fighter squadron to be deployed in South Korea next month (AFP) AFP - A battalion of US Air Force F-15E fighter jocks based in Alaska will fly to South Korea next month for a brief deployment intended to strengthen US air power on the Korean peninsula, US authorities confirmed.",0,0,0.0,0.8286305665969849,23.833595275878906
